indicator,unit,target_period,target_value,definition,source
ice_snow_tourism_visitors,亿人次,2023-2024雪季,1.25,冰雪旅游接待游客历史基线实际值,吉林省冰雪旅游高质量发展总结(2023-2024)
ice_snow_tourism_visitors,亿人次,2024-2025雪季,1.47,冰雪旅游接待游客最新雪季实际值,吉林省文旅厅公开通报数据(2025-04)
ice_snow_tourism_visitors,亿人次,2027-2028雪季,2.30,冰雪旅游接待游客中期规划目标,吉林省委办公厅_吉林省人民政府办公厅_吉办发〔2024〕16号《推动吉林省冰雪经济高质量发展的实施意见》
ice_snow_tourism_visitors,亿人次,2029-2030雪季,3.00,冰雪旅游接待游客终期突破目标,吉林省委办公厅_吉林省人民政府办公厅_吉办发〔2024〕16号《推动吉林省冰雪经济高质量发展的实施意见》
ice_snow_tourism_spending,亿元,2023-2024雪季,2419,冰雪旅游游客出游总花费历史基线实际值,吉林省冰雪旅游高质量发展总结(2023-2024)
ice_snow_tourism_spending,亿元,2024-2025雪季,2850,冰雪旅游游客出游总花费最新雪季实际值,吉林省文旅厅公开通报数据(2025-04)
ice_snow_tourism_spending,亿元,2027-2028雪季,4200,冰雪旅游游客出游总花费中期规划目标,吉林省委办公厅_吉林省人民政府办公厅_吉办发〔2024〕16号《推动吉林省冰雪经济高质量发展的实施意见》
ice_snow_tourism_spending,亿元,2029-2030雪季,5400,冰雪旅游游客出游总花费终期突破目标,吉林省委办公厅_吉林省人民政府办公厅_吉办发〔2024〕16号《推动吉林省冰雪经济高质量发展的实施意见》
ice_snow_equipment_industry_output,亿元,2029-2030雪季,>50,冰雪装备制造业总产值目标,吉林省委办公厅_吉林省人民政府办公厅_吉办发〔2024〕16号《推动吉林省冰雪经济高质量发展的实施意见》
mass_ice_snow_events,项/年,年度常态化,>=300,每年各类群众性冰雪赛事活动数量目标,吉林省委办公厅_吉林省人民政府办公厅_吉办发〔2024〕16号《推动吉林省冰雪经济高质量发展的实施意见》
new_ice_rinks,块/年,年度常态化,>=500,每年公益性浇建冰场数量目标,吉林省委办公厅_吉林省人民政府办公厅_吉办发〔2024〕16号《推动吉林省冰雪经济高质量发展的实施意见》
ice_snow_park_businesses,家/年,年度常态化,>=100,全省冰雪乐园年营业数量目标,吉林省委办公厅_吉林省人民政府办公厅_吉办发〔2024〕16号《推动吉林省冰雪经济高质量发展的实施意见》
