region,region_type,lat,lon,gdp_2024_yi,pop_2023_wan,pop_density_persons_km2,area_km2,ski_resorts,ski_slopes,slope_area_ha,ropeways_2024,hotel_beds,hsr_stations,intl_transit,terrains,regen_winter_avg_temp_c,snow_days_avg,visitors_2024_wan,revenue_2024_yi,dim_snow,dim_facility,dim_market,dim_transit,ice_snow_index,source
长春市,省会 · 核心极核,43.88,125.35,7632,910.2,442.5,20604,3,28,62.0,4,6200,2,龙嘉国际机场 4F 级,0,-12.8,118,3450.0,720.0,22.9,46.1,100.0,100.0,68,吉林统计年鉴2024; 文旅局雪场备案; AHP综合指数: 自然25%+设施25%+市场30%+交通20%
吉林市,省域副中心 · 雾凇之都,43.84,126.55,1633,388.6,143.0,27120,9,154,555.19,13,9000,3,吉林站高铁枢纽 · 松花湖,2,-13.5,132,2850.0,570.0,62.9,100.0,80.5,85.0,86,北大湖74雪道/万科松花湖; 2024-2025雪季文旅部备案; AHP综合指数计算
四平市,农业与轻工基地,43.17,124.35,634,180.5,124.6,14323,1,6,12.0,1,900,1,平齐线普速/哈大高铁,0,-13.2,112,1180.0,148.0,5.7,5.7,17.5,40.0,34,吉林统计年鉴2024 GDP; 市文旅局雪场备案; AHP综合指数计算
辽源市,轻工与装备基地,42.9,125.14,521,99.6,207.5,5140,1,5,9.5,1,700,1,辽源站动车组(2021开行),0,-13.0,110,890.0,110.0,0.0,0.0,13.0,30.0,31,吉林统计年鉴2024 GDP; 市文旅局雪场备案; AHP综合指数计算
通化市,医药城 · 万峰雪场,41.73,125.94,565,167.4,104.1,15698,4,42,168.0,5,4300,1,沈白高铁枢纽(2025.09开通),1,-12.5,126,1060.0,172.0,45.7,70.6,24.2,65.0,72,万峰通化滑雪度假区; 沈白高铁2025.09通车; AHP综合指数计算
白山市,长白山核心区 · 生态,41.94,126.42,573,86.4,32.1,17485,5,38,145.0,6,3800,0,长白山机场 4C 支线 · 沈白高铁(2025.09通车),2,-14.2,145,780.0,135.0,100.0,67.0,18.2,60.0,91,长白山万达度假区/华美胜地; 统计年鉴2024; AHP综合指数计算
松原市,能源与农业 · 查干湖,45.14,124.82,1042,213.0,48.7,21097,2,11,18.0,2,1400,1,松原查干湖机场 4C,1,-14.0,136,650.0,100.0,74.3,15.7,13.5,45.0,58,查干湖冬捕国家级非遗; 吉林统计年鉴2024; AHP综合指数计算
白城市,西部生态屏障,45.62,122.84,624,151.4,58.9,25758,1,7,11.0,1,800,1,白城长安机场 4C,0,-14.8,124,480.0,64.0,40.0,3.6,8.5,35.0,29,吉林统计年鉴2024 GDP; 嫩江湾湿地; AHP综合指数计算
延边州,边境文旅 · 长白山北坡,42.9,129.51,1080,190.2,44.5,43300,6,46,182.0,7,5100,2,延吉朝阳川国际机场 · 珲春口岸,3,-13.8,140,1160.0,200.0,85.7,72.6,27.5,75.0,79,长白山北景区; 海兰江/梦都美雪场; 统计年鉴2024; AHP综合指数计算
