雪季年份,市州代码,市州名称,接待游客人次(万人),出游总花费(亿元),高铁枢纽开通(HSR),重点雪场VTMH运力(km·人/h),冬季气温距平(℃),文旅品牌推广指数(0-100),雪道有效面积(公顷)
2018-2019,CC,长春市,2480.0,465.0,1,3850,0.4,72.0,50.0
2018-2019,JL,吉林市,1860.0,332.0,1,13500,0.6,78.0,410.0
2018-2019,CB,长白山保护开发区,520.0,158.0,0,6500,0.2,85.0,210.0
2018-2019,TH,通化市,680.0,92.0,1,2800,0.3,64.0,95.0
2018-2019,YB,延边朝鲜族自治州,750.0,110.0,1,1950,0.5,69.0,85.0
2018-2019,SY,松原市,430.0,58.0,1,600,0.3,62.0,35.0
2018-2019,BC,白城市,320.0,38.0,1,450,0.4,58.0,25.0
2018-2019,BS,白山市,510.0,76.0,0,3200,0.2,60.0,120.0
2018-2019,LY,辽源/四平/梅河口,850.0,95.0,1,850,0.5,59.0,60.0
2019-2020,CC,长春市,2720.0,528.0,1,4200,-0.2,75.0,52.0
2019-2020,JL,吉林市,2100.0,386.0,1,15200,-0.1,81.0,450.0
2019-2020,CB,长白山保护开发区,590.0,185.0,0,7100,-0.4,88.0,225.0
2019-2020,TH,通化市,760.0,108.0,1,3400,-0.3,66.0,110.0
2019-2020,YB,延边朝鲜族自治州,840.0,128.0,1,2200,-0.1,72.0,95.0
2019-2020,SY,松原市,480.0,66.0,1,650,-0.2,65.0,38.0
2019-2020,BC,白城市,360.0,43.0,1,480,-0.1,60.0,28.0
2019-2020,BS,白山市,570.0,88.0,0,3600,-0.3,63.0,130.0
2019-2020,LY,辽源/四平/梅河口,940.0,110.0,1,920,-0.2,62.0,68.0
2021-2022,CC,长春市,3150.0,642.0,1,4900,-0.6,82.0,55.0
2021-2022,JL,吉林市,2540.0,488.0,1,18500,-0.5,88.0,510.0
2021-2022,CB,长白山保护开发区,720.0,242.0,1,7592,-0.8,92.0,240.0
2021-2022,TH,通化市,950.0,146.0,1,6720,-0.6,74.0,140.0
2021-2022,YB,延边朝鲜族自治州,1020.0,165.0,1,2600,-0.5,78.0,110.0
2021-2022,SY,松原市,580.0,85.0,1,720,-0.6,71.0,45.0
2021-2022,BC,白城市,430.0,54.0,1,520,-0.5,65.0,32.0
2021-2022,BS,白山市,690.0,112.0,0,4200,-0.7,68.0,145.0
2021-2022,LY,辽源/四平/梅河口,1120.0,138.0,1,1050,-0.5,67.0,75.0
2022-2023,CC,长春市,3480.0,725.0,1,5300,0.1,85.0,58.0
2022-2023,JL,吉林市,2820.0,556.0,1,21500,0.2,91.0,535.0
2022-2023,CB,长白山保护开发区,810.0,285.0,1,7592,-0.2,94.0,250.0
2022-2023,TH,通化市,1060.0,168.0,1,6720,0.1,77.0,150.0
2022-2023,YB,延边朝鲜族自治州,1150.0,192.0,1,2850,0.2,82.0,120.0
2022-2023,SY,松原市,650.0,98.0,1,780,0.1,75.0,48.0
2022-2023,BC,白城市,480.0,62.0,1,560,0.2,68.0,35.0
2022-2023,BS,白山市,780.0,132.0,0,4500,-0.1,72.0,155.0
2022-2023,LY,辽源/四平/梅河口,1240.0,158.0,1,1120,0.2,71.0,82.0
2023-2024,CC,长春市,3438.6,721.5,1,5800,0.3,89.0,62.0
2023-2024,JL,吉林市,2859.6,570.4,1,23800,0.4,94.0,555.0
2023-2024,CB,长白山保护开发区,833.3,294.6,1,7592,0.1,96.0,260.0
2023-2024,TH,通化市,1061.4,172.5,1,6720,0.3,81.0,160.0
2023-2024,YB,延边朝鲜族自治州,1157.9,199.8,1,3100,0.4,86.0,130.0
2023-2024,SY,松原市,649.1,100.8,1,850,0.3,79.0,52.0
2023-2024,BC,白城市,482.5,64.0,1,620,0.4,72.0,38.0
2023-2024,BS,白山市,780.7,134.9,0,4800,0.2,76.0,165.0
2023-2024,LY,辽源/四平/梅河口,1236.8,160.5,1,1200,0.4,75.0,90.0
2024-2025,CC,长春市,3962.0,819.8,1,6200,0.0,92.0,62.0
2024-2025,JL,吉林市,3324.4,666.1,1,23800,0.1,96.0,580.0
2024-2025,CB,长白山保护开发区,983.7,350.1,1,7592,-0.2,98.0,270.0
2024-2025,TH,通化市,1238.7,200.7,1,6720,0.1,84.0,170.0
2024-2025,YB,延边朝鲜族自治州,1348.0,232.3,1,3300,0.2,89.0,140.0
2024-2025,SY,松原市,756.0,116.1,1,920,0.1,82.0,56.0
2024-2025,BC,白城市,564.7,75.1,1,680,0.2,75.0,42.0
2024-2025,BS,白山市,901.7,155.4,0,5100,0.0,80.0,175.0
2024-2025,LY,辽源/四平/梅河口,1420.9,184.4,1,1280,0.2,78.0,96.0
